,AAPL,AAPL,AAPL,AAPL,AAPL,AAPL,AAPL,SPY,SPY,SPY,SPY,SPY,SPY,SPY,TSLA,TSLA,TSLA,TSLA,TSLA,TSLA,TSLA
,open,high,low,close,volume,trade_count,vwap,open,high,low,close,volume,trade_count,vwap,open,high,low,close,volume,trade_count,vwap
timestamp,,,,,,,,,,,,,,,,,,,,,
2022-01-03 05:00:00+00:00,177.83,182.88,177.71,182.01,104689466,772366,181.41552,476.3,477.85,473.85,477.71,72604064,534803,476.526964,1147.75,1201.07,1136.04,1199.78,34890336,1162659,1170.754238
2022-01-04 05:00:00+00:00,182.64,182.94,179.12,179.7,99433260,831617,180.55394,479.22,479.98,475.58,477.55,71129958,565259,477.868706,1189.55,1208.0,1123.05,1149.59,33512632,1051348,1162.182187
2022-01-05 05:00:00+00:00,179.61,180.17,174.65,174.835,86753605,844517,177.49778,477.16,477.98,468.29,468.38,102085598,784945,473.338984,1146.65,1170.34,1081.0101,1088.12,26748880,810846,1126.646002
2022-01-06 05:00:00+00:00,172.7,175.3,171.64,172.0,96792589,958688,173.079885,467.89,470.82,465.43,467.94,86499197,803296,468.480666,1077.0,1088.0,1020.5,1064.7,30134340,880379,1060.305232
2022-01-07 05:00:00+00:00,172.89,174.14,171.03,172.17,87682412,716118,172.439116,467.95,469.2,464.65,466.09,84895774,623749,466.940793,1080.37,1080.9299,1010.0,1026.96,28053117,823207,1039.254771
2022-01-10 05:00:00+00:00,169.08,172.5,168.17,172.19,106444891,952232,170.288204,462.7,465.74,456.5973,465.51,118474538,956590,461.592307,1000.0,1059.1,980.0,1058.12,30569295,970202,1017.299586
2022-01-11 05:00:00+00:00,172.32,175.18,170.82,175.08,76138430,649655,173.633654,465.24,469.85,462.05,469.73,74303062,626794,466.488708,1053.67,1075.85,1038.82,1064.4,22027070,644110,1060.484698
2022-01-12 05:00:00+00:00,176.12,177.18,174.82,175.53,74742204,642012,175.834544,471.59,473.2,468.94,471.02,67555928,631538,470.995671,1078.73,1114.84,1072.5901,1106.22,27903594,761281,1095.952253
2022-01-13 05:00:00+00:00,175.79,176.62,171.79,172.19,84442852,690265,173.974502,472.19,472.88,463.44,464.53,90905992,722273,467.939629,1109.065,1115.6,1026.5391,1031.56,32432338,923597,1068.594147
2022-01-14 05:00:00+00:00,171.34,173.78,171.09,173.07,80361306,671332,172.360857,461.19,465.09,459.9,464.72,95697800,854513,462.94745,1019.99,1052.0,1013.3788,1049.61,24298971,709972,1035.147281
2022-01-18 05:00:00+00:00,171.51,172.54,169.405,169.8,90983726,778550,170.541055,459.74,459.96,455.31,456.49,109577757,909384,457.969755,1026.605,1070.7899,1016.06,1030.51,22367535,662348,1042.164518
2022-01-19 05:00:00+00:00,170.0,171.08,165.94,166.23,94640853,821497,168.300017,458.13,459.6124,451.46,451.75,109067113,878537,455.492631,1041.705,1054.6699,995.0,995.65,25129165,827617,1015.369728
2022-01-20 05:00:00+00:00,166.98,169.68,164.18,164.51,91144617,791965,167.071114,453.75,458.74,444.5,446.75,121602450,979661,452.369047,1009.73,1041.66,994.0,996.27,23460122,711282,1018.912473
2022-01-21 05:00:00+00:00,164.415,166.33,162.3,162.41,122230144,1072318,163.879746,445.56,448.06,437.95,437.98,201250939,1874618,442.537428,996.34,1004.55,940.5,943.9,34362369,1142232,963.810474
2022-01-24 05:00:00+00:00,160.02,162.3,154.7,161.62,160586365,1605312,158.665953,432.03,440.38,420.76,439.84,246845274,3199813,430.573525,904.99,933.5131,851.47,930.0,50240538,1580266,887.445649
2022-01-25 05:00:00+00:00,158.98,162.76,157.02,159.78,115700696,1006603,159.427622,433.06,439.72,427.15,434.47,167727360,1829081,433.687081,914.2,951.26,903.21,918.4,28844795,817931,921.830866
2022-01-26 05:00:00+00:00,163.5,164.3894,157.82,159.69,106582989,997894,161.433199,440.72,444.04,428.86,433.38,182006412,2536755,437.180364,952.43,987.69,906.0,937.41,34532135,1086815,946.73384
2022-01-27 05:00:00+00:00,162.45,163.84,158.28,159.22,121612411,1156263,161.295798,438.26,441.58,429.45,431.24,149149566,1827675,434.585715,933.36,935.39,829.0,829.1,48922317,1857316,867.139507
2022-01-28 05:00:00+00:00,165.71,170.35,162.8,170.33,179655820,1514432,167.309586,432.7079,442.0,427.82,441.95,163986462,1755043,435.353654,831.56,857.5,792.01,846.35,44902319,1443634,830.394442
2022-01-31 05:00:00+00:00,170.16,175.0,169.51,174.78,115335712,931200,173.156504,441.24,450.28,439.81,449.91,151973024,1129430,445.905338,872.71,937.99,862.05,936.72,34795157,1018290,913.363533
2022-02-01 05:00:00+00:00,174.01,174.84,172.31,174.61,85997761,732405,173.703513,450.68,453.63,446.9384,452.95,122606343,1091104,450.710894,935.21,943.7,905.0,931.25,24355050,755053,927.181145
2022-02-02 05:00:00+00:00,174.745,175.88,173.33,175.84,84817172,675032,174.941289,455.5,458.12,453.05,457.35,117102402,996416,455.654761,928.18,931.5,889.41,905.66,22250600,715859,909.282386
2022-02-03 05:00:00+00:00,174.48,176.2399,172.12,172.9,89195554,722548,174.38458,450.95,452.97,445.71,446.6,117667291,1102865,449.830658,882.0,937.0,880.52,891.14,26254053,766207,909.306126
2022-02-04 05:00:00+00:00,171.68,174.1,170.68,172.39,82224164,700120,172.316068,446.35,452.78,443.83,448.7,118023787,1159727,448.320935,897.22,936.5,881.17,923.32,24515573,682196,914.55155
2022-02-07 05:00:00+00:00,172.86,173.9458,170.95,171.66,77134743,569759,172.443013,449.48,450.99,445.85,447.26,84270813,757910,448.620807,923.79,947.77,902.7089,907.34,20318520,640095,922.048066
2022-02-08 05:00:00+00:00,171.73,175.35,171.43,174.83,74571837,631965,173.810582,446.73,451.92,445.22,450.94,80723593,683503,449.078414,905.53,926.2899,894.8,922.0,16888463,512322,914.811202
2022-02-09 05:00:00+00:00,176.05,176.65,174.9,176.28,69705349,556306,175.831852,455.22,457.88,455.005,457.54,90009196,647887,455.911246,935.0,946.2699,920.0,932.0,17202339,498874,932.882236
2022-02-10 05:00:00+00:00,174.08,175.48,171.55,172.12,88078189,731812,173.535393,451.34,457.71,447.2,449.32,136432972,1168955,452.917501,908.37,943.81,896.7,904.55,21516725,670774,921.051446
2022-02-11 05:00:00+00:00,172.34,173.08,168.04,168.64,95133474,771888,170.210271,449.41,451.605,438.94,440.46,147819171,1399950,444.194147,909.63,915.96,850.7,860.0,25712567,917534,879.750743
2022-02-14 05:00:00+00:00,167.37,169.58,166.56,168.88,82339594,714091,168.400022,439.92,441.6,435.34,439.02,116782833,1071668,438.925216,861.57,898.8799,853.15,875.76,21891414,673081,875.414418
2022-02-15 05:00:00+00:00,170.97,172.95,170.25,172.79,62605150,544773,171.656225,443.73,446.28,443.18,446.1,86213213,726345,444.667155,900.0,923.0,893.3774,922.43,18920855,584234,914.426068
2022-02-16 05:00:00+00:00,171.85,173.34,170.05,172.55,59421416,523426,171.642449,443.93,448.055,441.94,446.6,80837453,755878,444.933085,914.05,926.4299,901.21,923.39,16780900,464343,914.212183
2022-02-17 05:00:00+00:00,171.03,171.91,168.47,168.88,68041016,566872,170.177776,443.22,446.5652,436.42,437.06,96695524,824375,440.089493,913.26,918.4999,874.1,876.35,18149070,629617,890.624487
2022-02-18 05:00:00+00:00,169.82,170.5413,166.19,167.3,80719550,659628,167.81266,437.33,438.66,431.82,434.23,127539625,1101231,435.258203,886.0,886.87,837.61,856.98,22525270,736921,856.170261
2022-02-22 05:00:00+00:00,164.98,166.69,162.15,164.32,87871263,857554,164.560313,431.89,435.5,425.86,429.57,120256654,1169535,430.723023,834.19,856.7338,801.1001,821.53,27579130,905700,823.556685
2022-02-23 05:00:00+00:00,165.54,166.15,159.75,160.24,90101012,820317,162.15558,432.66,433.26,421.35,422.07,133050158,1166043,425.916372,830.43,835.2997,760.56,764.04,31772399,1234438,789.605834
2022-02-24 05:00:00+00:00,152.58,162.85,152.0,162.51,141258414,1383835,158.018049,411.02,428.76,410.64,427.99,213970854,2316986,419.750008,700.39,802.48,700.0,800.77,45216807,1313578,755.552166
2022-02-25 05:00:00+00:00,163.78,165.12,160.8738,164.85,87680902,768624,163.788661,429.61,437.84,427.86,437.75,116910365,1084237,434.341824,809.23,819.5,782.4005,809.87,24636701,726859,802.143594
2022-02-28 05:00:00+00:00,163.06,165.42,162.43,165.12,90547539,743310,164.274417,432.03,438.2,430.7,436.63,139630286,1237465,434.58221,815.01,876.86,814.7075,870.43,32122124,848292,855.749058
2022-03-01 05:00:00+00:00,164.695,166.6,161.97,163.2,79455454,701957,164.167482,435.04,437.17,427.21,429.98,132591866,1350983,431.682495,869.68,889.88,853.78,864.37,24157473,648571,867.666128
2022-03-02 05:00:00+00:00,164.39,167.36,162.95,166.56,76135254,631927,165.810466,432.37,439.72,431.57,437.89,112957076,1192979,436.221442,872.585,886.48,844.2721,879.89,24283971,672819,865.884264
2022-03-03 05:00:00+00:00,168.47,168.91,165.55,166.23,73779442,622341,166.927454,440.47,441.11,433.8,435.71,99533365,991252,436.941893,878.77,886.439,832.6001,839.29,20038426,627576,855.20177
2022-03-04 05:00:00+00:00,164.49,165.55,162.1,163.17,80761684,710586,163.402599,431.75,433.37,427.88,432.17,108862783,1043161,430.911013,849.1,855.65,825.1609,838.29,21832434,581744,839.696783
2022-03-07 05:00:00+00:00,163.36,165.02,159.04,159.3,92893526,803961,161.40379,431.55,432.3018,419.36,419.43,131006026,1390458,424.070071,856.3,866.14,804.57,804.58,23581848,679982,831.316312
2022-03-08 05:00:00+00:00,158.82,162.88,155.8,157.44,126458822,1084485,158.771695,419.6,427.21,415.12,416.25,158889879,1864070,419.755056,795.53,849.99,782.17,824.4,25682302,710562,821.517965
2022-03-09 05:00:00+00:00,161.475,163.41,159.41,162.95,87920209,694345,161.949231,425.14,429.51,422.83,427.41,110176599,1079759,426.139268,839.48,860.56,832.01,858.97,19015970,521312,850.715956
2022-03-10 05:00:00+00:00,160.2,160.39,155.98,158.52,103541308,859530,158.031294,422.52,426.43,420.44,425.48,91933614,891240,423.871053,851.45,854.45,810.3601,838.3,19210350,559271,830.235671
2022-03-11 05:00:00+00:00,158.93,159.28,154.5,154.73,94382406,847706,156.164846,428.12,428.77,419.53,420.07,90832525,809135,424.040518,840.197,843.802,793.77,795.35,21892445,731665,808.992306
2022-03-14 04:00:00+00:00,151.45,154.12,150.1,150.62,105717687,936066,151.690522,420.89,424.55,415.79,417.0,90824491,858500,419.222957,780.56,800.7,756.04,766.03,22786207,767451,773.994501
2022-03-15 04:00:00+00:00,150.9,155.565,150.38,155.09,91228191,701316,153.470869,419.77,426.84,418.42,426.17,103609612,920654,422.75012,775.27,805.57,756.57,801.89,21886701,607898,788.104498
2022-03-16 04:00:00+00:00,157.05,160.0,154.46,159.59,98816624,793597,157.661798,429.89,435.68,424.8,435.62,138027168,1344157,431.338465,808.0,842.0,802.2601,840.23,27326647,730514,827.672525
2022-03-17 04:00:00+00:00,158.61,161.0,157.63,160.62,73839492,609066,159.425079,433.59,441.07,433.19,441.07,100056509,784011,437.706466,830.83,875.0,825.7178,871.6,21832556,596800,856.533806
2022-03-18 04:00:00+00:00,160.51,164.48,159.76,163.98,123092524,696321,162.599316,438.0,444.86,437.22,444.52,102315262,790229,441.458856,874.49,907.85,867.39,905.39,33384628,692802,896.2399
2022-03-21 04:00:00+00:00,163.51,166.35,163.015,165.38,94265392,703009,164.736717,444.34,446.46,440.68,444.39,85377970,912432,443.79772,914.98,942.85,907.09,921.16,27045590,736829,922.470259
2022-03-22 04:00:00+00:00,165.51,169.42,164.91,168.82,80412309,627260,168.227272,445.86,450.58,445.86,449.59,73300801,623551,448.558851,930.0,997.86,921.75,993.98,35093226,934124,963.001715
2022-03-23 04:00:00+00:00,167.99,172.64,167.65,170.21,96898461,771180,170.7874,446.91,448.49,443.71,443.8,77982264,627278,446.058676,979.94,1040.7,976.4,999.11,40075930,1117485,1009.661743
2022-03-24 04:00:00+00:00,171.06,174.14,170.21,174.07,88989246,676433,172.263675,445.94,450.5,444.76,450.49,61409702,526844,447.609058,1009.99,1024.49,988.8,1013.92,22779780,676954,1008.857952
2022-03-25 04:00:00+00:00,173.88,175.28,172.75,174.72,79861883,657579,174.023699,451.16,452.98,448.43,452.69,76545292,655639,451.041696,1008.048,1021.7999,997.3201,1010.64,20508872,585346,1007.503106
2022-03-28 04:00:00+00:00,172.17,175.73,172.0,175.6,168579557,1375541,174.339678,452.06,455.91,450.06,455.84,131687956,1192521,453.30445,1065.1,1097.8799,1053.6,1091.84,65336935,2121994,1079.713266
2022-03-29 04:00:00+00:00,176.69,179.01,176.34,178.96,100696426,777343,177.853078,460.02,462.07,457.18,461.53,173082835,1475317,459.634235,1107.99,1114.77,1073.11,1099.57,24598310,833574,1096.618704
2022-03-30 04:00:00+00:00,178.55,179.61,176.7,177.77,92758154,695865,178.119257,460.34,461.195,456.465,458.79,159109186,1316482,459.159046,1091.17,1113.95,1084.0,1093.99,19955002,597499,1098.548645
2022-03-31 04:00:00+00:00,177.84,178.03,174.4,174.61,102626094,710882,175.877573,457.89,458.76,451.16,451.64,119151277,751165,455.454712,1094.57,1103.1399,1076.641,1077.6,16261241,506972,1089.405932
2022-04-01 04:00:00+00:00,174.03,174.88,171.94,174.31,79064404,659177,173.413361,453.31,453.46,449.14,452.92,88675787,624742,451.850852,1081.15,1094.75,1066.64,1084.59,18057555,548116,1081.406344
2022-04-04 04:00:00+00:00,174.57,178.49,174.44,178.44,76407012,628282,177.485526,453.13,456.91,452.26,456.8,59413904,502676,455.311892,1089.38,1149.91,1072.53,1145.45,27372047,858339,1122.312887
2022-04-05 04:00:00+00:00,177.5,178.3,174.415,175.06,73137249,617535,175.977573,455.22,457.83,449.82,451.03,73968352,643524,453.410072,1136.3,1152.87,1087.3,1091.26,26708023,856933,1114.093096
2022-04-06 04:00:00+00:00,172.36,173.63,170.13,171.6,81142731,763312,171.781265,446.89,448.93,443.47,446.52,104761415,892577,446.339985,1073.47,1079.0,1027.7,1045.54,29241024,959026,1047.242127
2022-04-07 04:00:00+00:00,171.16,173.36,169.85,172.17,72664182,620303,171.781039,445.59,450.69,443.53,448.77,75825725,624455,447.064276,1052.39,1076.59,1021.5401,1057.01,25796269,766967,1051.195177
2022-04-08 04:00:00+00:00,171.78,171.78,169.2,170.09,76018712,611473,170.518499,447.97,450.63,445.94,447.57,78005513,571063,448.258617,1043.21,1048.44,1022.435,1025.49,18370032,579470,1034.426294
2022-04-11 04:00:00+00:00,168.71,169.03,165.5,165.79,66162444,672623,166.772881,444.11,445.0,439.39,439.92,89305237,776565,442.216103,980.49,1008.4681,974.64,975.73,19247775,753108,988.226289
2022-04-12 04:00:00+00:00,168.02,169.87,166.64,167.66,78962517,673383,168.091826,443.08,445.75,436.6501,438.29,83953693,693244,440.813844,997.64,1021.1921,976.6001,986.95,21911504,611390,997.269352
2022-04-13 04:00:00+00:00,167.39,171.04,166.77,170.4,70321800,553562,169.6796,438.03,444.1,437.84,443.31,73471758,562317,441.262492,981.075,1026.24,973.097,1022.37,18354275,518724,1004.878581
2022-04-14 04:00:00+00:00,170.62,171.27,165.04,165.29,75426541,594909,167.211381,443.8616,444.7301,437.68,437.79,97657351,703610,440.269366,999.29,1012.7099,982.19,985.0,19448903,579100,991.712138
2022-04-18 04:00:00+00:00,163.92,166.5984,163.57,165.07,68843424,574580,164.928106,436.81,439.75,435.61,437.97,65714873,573475,437.860721,989.03,1014.92,973.41,1004.29,17210701,543314,997.42495
2022-04-19 04:00:00+00:00,165.02,167.82,163.91,167.4,67566065,546660,166.54843,437.86,445.8,437.68,445.04,77643595,597459,443.071259,1005.06,1034.94,995.325,1028.15,16590726,526924,1021.441997
2022-04-20 04:00:00+00:00,168.76,168.88,166.1,167.23,67515353,590666,167.349497,446.92,447.57,443.48,444.71,64714530,591489,445.609828,1030.0,1034.0,975.2501,977.2,23556408,861588,998.419695
2022-04-21 04:00:00+00:00,168.91,171.53,165.91,166.42,86895494,748146,168.808299,448.54,450.01,437.1,438.06,84866280,717885,442.785544,1074.73,1092.22,996.415,1008.78,35066333,1116917,1046.308315
2022-04-22 04:00:00+00:00,166.46,167.8699,161.5,161.79,84550744,725782,164.231066,436.91,438.0825,425.44,426.04,132020752,971202,429.8144,1014.91,1034.85,994.0001,1005.05,23183920,689893,1013.88235
2022-04-25 04:00:00+00:00,161.12,163.17,158.46,162.88,95512656,917700,160.699275,423.67,428.69,418.84,428.51,118808140,1137270,423.953837,979.69,1008.62,975.3,998.02,22678675,715493,992.723327
2022-04-26 04:00:00+00:00,162.25,162.34,156.72,156.8,95152167,894577,158.608947,425.83,426.04,416.07,416.1,101068359,1001083,420.126975,995.43,1000.0,875.0,876.42,45271017,1565207,911.355177
2022-04-27 04:00:00+00:00,155.91,159.79,155.38,156.57,87338677,770086,157.44546,417.24,422.92,415.01,417.27,119880232,997462,418.842917,898.58,918.0,877.36,881.87,25074619,907453,897.25449
2022-04-28 04:00:00+00:00,159.25,164.515,158.93,163.64,129603996,1117438,161.860143,422.29,429.64,417.6,427.81,104583969,800669,424.038734,899.98,900.0,821.7,877.51,41559747,1363374,858.822751
2022-04-29 04:00:00+00:00,161.84,166.2,157.25,157.65,131255205,1026986,160.720803,423.59,425.87,411.21,412.0,144714757,1142142,416.8761,902.25,934.3999,870.0,870.76,29290659,888385,901.175437
2022-05-02 04:00:00+00:00,156.71,158.23,153.27,157.96,122281905,1145056,156.036188,412.07,415.92,405.02,414.48,157215637,1456038,411.158042,860.77,906.3599,848.03,902.94,25126930,780641,876.908957
2022-05-03 04:00:00+00:00,158.15,160.71,156.32,159.48,88471594,701190,158.800218,415.01,418.93,413.36,416.38,99351794,847754,416.103022,904.0,924.08,888.59,909.25,21168901,604768,908.681213
2022-05-04 04:00:00+00:00,159.67,166.48,159.26,166.02,107242919,862090,162.430777,417.08,429.66,413.7099,429.06,142120643,1436512,421.290171,903.94,955.5,885.28,952.62,27026810,723157,917.218674
2022-05-05 04:00:00+00:00,163.85,164.08,154.95,156.77,129546580,1151920,158.153343,424.53,425.0,409.44,413.81,171085431,1567831,415.459457,939.21,945.6,857.7,873.28,30686905,1010201,890.346461
2022-05-06 04:00:00+00:00,156.01,159.44,154.18,157.28,115843516,1015159,157.32809,411.1,414.8,405.73,411.34,150826495,1521468,410.515537,887.0,888.0,843.105,865.65,24195499,786134,868.064655
2022-05-09 04:00:00+00:00,154.925,155.83,151.49,152.06,120855893,1088010,153.185379,405.1,406.41,396.5,398.17,151186726,1400097,401.994781,836.45,845.63,781.15,787.11,30223764,1126111,810.069342
2022-05-10 04:00:00+00:00,155.52,156.74,152.93,154.51,114451685,977841,154.837895,404.49,406.08,394.82,399.09,131470747,1452923,399.845042,819.0,825.36,774.25,800.04,27973309,888960,800.410106
2022-05-11 04:00:00+00:00,153.5,155.45,145.81,146.5,142218196,1296198,149.443557,398.07,404.04,391.96,392.75,140987310,1515260,397.450176,795.0,809.77,727.2,734.0,32402586,1137023,765.981513
2022-05-12 04:00:00+00:00,142.77,146.19,138.8,142.56,181541470,1661511,142.06941,389.37,395.8,385.15,392.34,124141173,1475090,389.994932,701.0,759.66,680.0,728.0,46652838,1389234,720.968479
2022-05-13 04:00:00+00:00,144.59,148.105,143.11,147.09,105706888,913196,146.268985,396.71,403.18,395.61,401.72,101432023,851270,399.832324,773.48,787.3499,751.565,769.59,30602785,860508,769.718133
2022-05-16 04:00:00+00:00,145.55,147.5199,144.18,145.54,86027547,693106,145.781771,399.98,403.97,397.6,400.09,77951071,727322,400.641967,767.16,769.76,719.0885,724.37,28554811,840394,740.525206
2022-05-17 04:00:00+00:00,148.86,149.77,146.68,149.24,71326378,599817,148.366074,406.53,408.55,402.5824,408.32,80161929,733176,405.682395,747.36,764.48,728.85,761.61,26634832,724602,750.233358
2022-05-18 04:00:00+00:00,146.85,147.3601,139.9,140.82,108715044,969888,142.703174,403.5,403.8,390.55,391.86,112772898,955502,396.165457,744.52,760.5,700.81,709.81,29347788,883301,725.140959
2022-05-19 04:00:00+00:00,139.88,141.66,136.6,137.35,135359835,1208776,138.666812,388.62,394.14,387.11,389.46,97539566,926387,390.357725,707.0,734.0,694.11,709.5,29511657,815224,712.418747
2022-05-20 04:00:00+00:00,139.09,140.7,132.61,137.59,136313104,1122772,136.395212,393.25,397.03,380.54,389.63,128945686,1085978,387.035272,713.99,721.582,633.0,663.9,48046224,1676151,663.535274
2022-05-23 04:00:00+00:00,137.79,143.26,137.65,143.11,117338199,846886,141.435007,392.83,397.73,390.38,396.92,74972869,711403,395.153448,655.02,679.9551,638.06,674.9,29590574,883161,662.936113
2022-05-24 04:00:00+00:00,140.805,141.97,137.33,140.36,103517401,806070,139.410797,392.56,395.15,386.96,393.89,90663762,798586,391.542772,653.53,653.92,620.57,628.16,29593653,912510,636.240139
2022-05-25 04:00:00+00:00,138.43,141.785,138.34,140.52,91793616,680230,140.077911,392.31,399.45,391.89,397.37,90520905,756908,395.782308,623.85,669.32,623.0101,658.8,30590856,769378,652.186078
2022-05-26 04:00:00+00:00,137.39,144.34,137.14,143.78,90366284,668096,142.390702,398.67,407.04,398.45,405.31,81867461,604201,404.258908,661.42,718.6699,653.66,707.73,35567628,909805,695.494428
2022-05-27 04:00:00+00:00,145.375,149.68,145.26,149.64,90670289,683010,148.198783,407.91,415.3801,407.7,415.26,84345150,600397,412.483062,723.26,759.8,720.5311,759.63,29703865,776714,747.650744
2022-05-31 04:00:00+00:00,149.07,150.66,146.84,148.84,102805726,698608,149.095862,413.55,416.46,410.03,412.93,94447950,704105,413.397313,773.56,778.8,734.23,758.01,32304069,864968,759.960296
2022-06-01 04:00:00+00:00,149.91,151.74,147.68,148.71,73719495,622664,149.374254,415.17,416.24,406.93,409.59,85820291,691614,410.785032,755.16,771.98,730.92,740.37,25636584,660022,747.050497
2022-06-02 04:00:00+00:00,147.83,151.27,146.86,151.21,71764228,567502,149.523622,409.42,417.44,407.04,417.34,78866434,610631,413.382244,732.47,792.63,726.2,775.0,31052521,758122,770.96479
2022-06-03 04:00:00+00:00,146.9,147.97,144.46,145.38,85982964,740514,145.810503,412.3801,414.04,409.51,410.54,68321202,560752,411.916697,729.675,743.3899,700.2534,703.55,36920083,1081787,715.377163
2022-06-06 04:00:00+00:00,147.03,148.5689,144.9,146.14,71154432,599824,146.616687,414.78,416.609,410.5523,411.79,56893593,468710,413.054541,733.06,734.6,703.05,714.84,27958792,747385,716.355493
2022-06-07 04:00:00+00:00,144.345,149.0,144.1,148.71,67458066,524026,147.549274,408.1,416.22,407.61,415.74,57784776,478682,412.930374,702.0,719.99,690.28,716.66,24190027,639574,710.128579
2022-06-08 04:00:00+00:00,148.58,149.8697,147.46,147.96,53677588,427487,148.613848,413.93,415.82,410.38,411.22,64087538,502063,412.74083,720.26,749.89,717.53,725.6,25382915,681660,734.751517
2022-06-09 04:00:00+00:00,147.08,147.95,142.53,142.64,69238046,555335,145.32825,409.34,411.74,401.44,401.44,85991523,577695,406.845749,748.02,766.6399,717.98,719.12,32180555,874552,742.85095
2022-06-10 04:00:00+00:00,140.28,140.76,137.06,137.13,90942602,819173,138.181216,394.88,395.7777,389.75,389.8,132260189,908426,392.889853,705.47,718.5,683.74,696.69,32608806,971300,697.983684
2022-06-13 04:00:00+00:00,132.87,135.2,131.44,131.88,121184952,1009989,133.130942,379.85,381.81,373.3,375.0,167727665,1114336,378.705727,669.5,679.9,644.0501,647.21,34082473,1037393,657.309333
2022-06-14 04:00:00+00:00,133.13,133.89,131.48,132.76,84748531,674667,132.573726,376.85,377.94,370.59,373.87,103637454,822810,374.322771,654.86,678.99,635.21,662.67,32655269,805229,656.271499
2022-06-15 04:00:00+00:00,134.29,137.34,132.16,135.43,89448842,713564,134.625026,377.36,383.9,372.12,379.2,121030433,1019934,378.047976,662.75,706.9899,654.45,699.0,38861187,875944,683.569142
2022-06-16 04:00:00+00:00,132.08,132.39,129.04,130.06,107916504,908829,130.462555,370.51,370.94,364.0799,366.65,133860380,905808,368.475443,668.21,675.5,626.08,639.3,35866467,979183,647.329238
2022-06-17 04:00:00+00:00,130.065,133.079,129.81,131.56,134472246,743635,131.4909,365.51,369.38,362.17,365.86,108646124,820971,366.266578,640.3,662.9082,639.59,650.28,30894923,673227,650.510344
2022-06-21 04:00:00+00:00,133.42,137.06,133.32,135.87,80983339,604393,135.850783,371.84,376.525,371.81,375.07,76402512,578000,374.371486,673.81,730.7321,673.0,711.11,40927708,1004598,712.802511
2022-06-22 04:00:00+00:00,134.79,137.76,133.91,135.35,73376104,530199,135.858002,370.62,378.72,370.18,374.39,89590834,604028,375.146608,703.51,740.5,701.48,708.26,33830752,758112,718.67348
2022-06-23 04:00:00+00:00,136.82,138.59,135.63,138.27,72307322,553634,137.285671,376.64,378.83,372.89,378.06,78067674,621466,376.226915,713.715,717.95,685.91,705.21,34702607,794666,702.161322
2022-06-24 04:00:00+00:00,139.9,141.91,139.77,141.66,88987029,536995,140.815602,381.4,390.08,381.365,390.08,93236664,621462,386.582998,712.405,738.2,708.26,737.4,29655650,678782,729.961502
2022-06-27 04:00:00+00:00,142.695,143.49,140.965,141.66,70118847,515101,142.041765,391.05,391.36,387.44,388.59,65552350,551145,389.086401,748.1,756.21,727.6966,734.76,29713729,680546,738.385339
2022-06-28 04:00:00+00:00,142.13,143.422,137.325,137.44,67206437,545049,139.377211,390.23,393.16,380.53,380.65,86220310,639516,384.916162,733.45,749.91,697.03,697.99,30199337,777219,718.608472
2022-06-29 04:00:00+00:00,137.46,140.67,136.67,139.23,66121423,570930,139.274242,381.23,382.27,378.42,380.34,64276557,518575,380.393902,691.5,693.52,666.82,685.47,27599202,734308,678.798895
2022-06-30 04:00:00+00:00,137.25,138.37,133.7737,136.72,98842807,709485,136.475873,376.24,380.6582,372.56,377.25,111478019,797880,377.077766,673.53,688.37,656.59,673.42,31517105,759370,674.648319
2022-07-01 04:00:00+00:00,136.04,139.04,135.66,138.93,71037189,558510,137.477111,376.56,381.7,373.8,381.24,74084447,600889,378.221933,681.0,690.69,666.3601,681.79,24817437,624843,676.780771
2022-07-05 04:00:00+00:00,137.77,141.61,136.93,141.56,73429641,601960,139.766938,375.88,381.98,372.9,381.96,79886359,645355,377.447571,669.0,699.44,648.5001,699.2,28259653,783236,674.624637
2022-07-06 04:00:00+00:00,141.355,144.12,141.08,142.92,74064254,585624,142.558234,382.11,385.87,379.6,383.25,69842806,614418,382.508246,692.34,703.69,681.56,695.2,23951309,603510,691.284185
2022-07-07 04:00:00+00:00,143.29,146.55,143.28,146.35,66252389,539961,145.675451,385.12,389.83,383.267,388.99,64172156,467708,387.621834,701.76,736.085,696.63,733.63,27314079,699835,723.8996
2022-07-08 04:00:00+00:00,145.265,147.55,145.0,147.04,64551728,520275,146.640864,387.27,390.64,385.66,388.67,71954884,509773,388.651531,727.0,764.9399,723.4843,752.29,33951371,825388,750.44032
2022-07-11 04:00:00+00:00,145.67,146.64,143.78,144.87,62285587,478662,145.151855,385.85,386.87,383.5,384.23,57305434,465519,384.862143,756.31,759.19,700.88,703.03,32424520,847317,717.338087
2022-07-12 04:00:00+00:00,145.76,148.45,145.05,145.86,77587749,579518,146.794819,383.65,386.16,378.99,380.83,61996427,512185,382.619846,710.54,719.32,685.105,699.21,29309672,691896,699.332113
2022-07-13 04:00:00+00:00,142.99,146.45,142.1201,145.49,71187010,559357,145.193217,375.1,381.92,374.658,378.83,83568542,671951,378.823334,676.5,726.1799,675.1,711.12,32651507,769778,708.969144
2022-07-14 04:00:00+00:00,144.08,148.95,143.25,148.47,78140744,614951,146.591024,373.61,379.0498,371.04,377.91,89124659,637413,375.583757,704.69,715.96,688.0,714.94,26188580,600569,701.677932
2022-07-15 04:00:00+00:00,149.78,150.86,148.2,150.17,76259939,550061,149.5097,382.55,385.25,380.54,385.13,78742871,488111,383.323926,720.0,730.8699,710.67,720.2,23228428,519686,719.023847
2022-07-18 04:00:00+00:00,150.74,151.57,146.7,147.07,81486157,620450,149.031237,388.38,389.09,380.66,381.95,62864897,489551,385.089006,734.81,751.55,718.81,721.64,27666062,642641,738.602922
2022-07-19 04:00:00+00:00,147.92,151.23,146.91,151.0,82969513,576293,149.748901,386.08,392.87,385.4,392.27,78159593,533269,389.362454,735.0,741.42,710.93,736.59,26956592,622879,729.507007
2022-07-20 04:00:00+00:00,151.12,153.72,150.37,153.04,64811532,523464,152.625303,392.47,396.26,391.03,394.77,70075073,525918,394.158847,740.35,751.99,730.449,742.5,29720367,751727,744.954267
2022-07-21 04:00:00+00:00,154.5,155.57,151.94,155.35,65108746,522804,154.355124,394.16,398.84,391.63,398.79,63527356,520934,396.079426,765.32,819.8,764.6,815.12,47365966,1184823,797.007571
2022-07-22 04:00:00+00:00,155.39,156.28,153.41,154.09,66482313,525535,154.623328,398.92,400.18,392.75,395.09,71730285,525108,395.945154,828.66,842.36,812.14,816.73,34385327,905725,825.627341
2022-07-25 04:00:00+00:00,154.01,155.04,152.28,152.95,53652497,487201,153.302678,395.75,396.47,393.21,395.57,53336510,437463,395.047557,816.65,822.44,802.2,805.3,21351742,560851,810.941726
2022-07-26 04:00:00+00:00,152.265,153.085,150.8,151.6,55138691,472002,151.679587,393.84,394.06,389.95,390.89,52767480,436591,391.857608,799.54,801.9299,768.79,776.58,22273586,551723,782.001569
2022-07-27 04:00:00+00:00,152.58,157.33,152.16,156.79,78244429,574803,155.243353,394.36,402.88,394.05,401.04,81319074,587430,398.307462,791.43,827.7768,785.3701,824.46,29275547,669212,811.026306
2022-07-28 04:00:00+00:00,156.98,157.64,154.41,157.35,81378731,738631,157.465407,401.89,406.8,398.15,406.04,73966563,570079,403.644305,840.2,849.9,818.4,842.7,28240997,700681,837.389749
2022-07-29 04:00:00+00:00,161.24,163.63,159.5,162.51,101863174,773684,162.249834,407.58,413.02,406.77,411.99,86779944,544810,410.668581,842.1,894.96,837.3,891.45,31767280,783906,869.314942
2022-08-01 04:00:00+00:00,161.01,163.59,160.89,161.51,67855255,594000,162.105292,409.15,413.41,408.4,410.77,69633616,516221,411.079113,903.825,935.6347,885.0,891.83,39015653,1085245,907.544607
2022-08-02 04:00:00+00:00,160.1,162.41,159.63,160.01,59907034,543549,160.692137,409.12,413.0,406.82,408.06,63113622,502751,409.635855,882.01,923.5,878.0,901.76,31864558,808466,905.385374
2022-08-03 04:00:00+00:00,160.98,166.59,160.75,166.13,82507488,682781,164.910537,410.3,415.68,410.0,414.45,67573063,463932,413.267159,915.0,928.65,903.45,922.19,26850395,746899,918.89493
2022-08-04 04:00:00+00:00,166.005,167.19,164.43,165.81,55474144,525012,165.594617,414.37,415.09,412.44,414.17,45565581,364658,414.080458,933.0,940.82,915.0,925.9,24107429,694806,927.185283
2022-08-05 04:00:00+00:00,163.21,165.85,163.0,165.35,56671292,490744,164.743095,409.66,414.15,409.6,413.47,56751151,455450,412.292366,908.01,913.8199,856.634,864.51,37691701,1120814,883.268251
2022-08-08 04:00:00+00:00,166.37,167.81,164.2,164.87,60362338,540017,165.893921,415.25,417.62,411.83,412.99,53867272,421156,414.421803,885.0,915.6,867.2562,871.27,33122428,925611,892.581478
2022-08-09 04:00:00+00:00,164.02,165.82,163.25,164.92,63098324,479672,164.840205,412.22,412.75,410.22,411.35,44110509,366275,411.331714,870.88,877.19,838.06,850.0,28741686,806034,852.410994
2022-08-10 04:00:00+00:00,167.68,169.34,166.9,169.24,70170540,559789,168.349612,418.78,420.14,416.72,419.99,68139304,473663,418.182059,891.2,892.53,850.11,883.07,31644723,888684,873.149261
2022-08-11 04:00:00+00:00,170.06,170.99,168.19,168.49,57155924,507914,169.373925,422.99,424.95,419.21,419.99,59337460,443453,421.578655,889.54,894.71,857.5,859.89,23385015,726685,873.439801
2022-08-12 04:00:00+00:00,169.82,172.17,169.4,172.1,67989796,557290,171.076181,422.03,427.21,421.03,427.1,61456095,396459,424.557629,868.245,900.48,855.1,900.09,26546392,676532,881.560748
2022-08-15 04:00:00+00:00,171.52,173.39,171.345,173.19,54091694,501625,172.625371,424.765,429.41,424.71,428.86,53978293,374486,427.636415,905.36,939.4,903.69,927.96,29786389,825109,923.982755
2022-08-16 04:00:00+00:00,172.78,173.71,171.6618,173.03,56377319,515134,172.742747,427.73,431.73,426.88,429.7,59118566,410281,429.307919,935.0,944.0,908.65,919.69,29400292,805572,925.212967
2022-08-17 04:00:00+00:00,172.77,176.15,172.57,174.55,79518845,686286,174.313399,425.91,429.5,424.54,426.65,63266564,451881,426.965059,910.19,928.97,900.1,911.99,22910203,611288,912.866741
2022-08-18 04:00:00+00:00,173.75,174.9,173.12,174.15,62290075,545655,174.13665,426.86,428.61,425.5,427.89,47948507,331980,427.137042,918.0,919.5,905.56,908.61,15833512,490140,912.705837
2022-08-19 04:00:00+00:00,173.03,173.74,171.3101,171.52,70346195,573126,172.230161,425.01,425.26,421.22,422.14,67861630,438953,423.097019,897.0,901.08,877.5,890.0,20465129,589024,887.067073
2022-08-22 04:00:00+00:00,169.69,169.86,167.135,167.57,69077923,620801,168.268178,417.05,417.23,412.4,413.35,77604197,484052,415.048519,875.74,877.2,858.89,869.74,18614449,587357,867.328045
2022-08-23 04:00:00+00:00,167.08,168.71,166.65,167.23,54147178,494686,167.623143,412.9,415.42,411.77,412.35,48952606,389397,413.095826,874.36,896.4799,863.77,889.36,21328348,576125,884.370304
2022-08-24 04:00:00+00:00,167.32,168.11,166.245,167.53,53841524,476970,167.314378,412.11,415.1101,411.39,413.67,48983049,334281,413.383226,892.69,910.94,889.5,891.29,19089280,594436,900.3355
2022-08-25 04:00:00+00:00,168.78,170.14,168.35,170.03,51218110,465398,169.350322,415.2301,419.56,414.09,419.51,48816114,338000,416.816182,302.36,302.96,291.6,296.07,53254602,1041465,295.53456
2022-08-26 04:00:00+00:00,170.57,171.05,163.56,163.62,78960320,722008,165.999646,419.39,419.96,405.25,405.31,102743389,669874,410.796242,297.43,302.0,287.47,288.09,57216420,984030,292.622233
2022-08-29 04:00:00+00:00,161.145,162.9,159.82,161.38,73313953,640593,161.529078,402.2,405.84,401.1999,402.63,65225959,489086,403.552893,282.83,287.74,280.7,284.82,41881560,693163,284.40533
2022-08-30 04:00:00+00:00,162.13,162.56,157.72,158.91,77896533,644584,159.292663,403.85,404.1,396.0,398.21,85326406,607506,399.084888,287.865,288.48,272.65,277.7,50539842,827061,279.439363
2022-08-31 04:00:00+00:00,160.305,160.58,157.14,157.22,87944856,606474,158.397062,399.93,401.24,395.04,395.18,75597377,500607,397.214138,280.62,281.25,271.81,275.61,52119181,756656,276.374945
2022-09-01 04:00:00+00:00,156.64,158.42,154.67,157.96,74224560,654608,156.523257,392.89,396.78,390.04,396.42,78315802,594723,393.055687,272.575,277.58,266.15,277.16,54291288,836006,271.385916
2022-09-02 04:00:00+00:00,159.75,160.362,154.965,155.81,77074411,646141,157.651625,400.28,401.555,390.33,392.24,98944421,637607,395.381705,281.065,282.35,269.08,270.21,50881967,760219,274.582276
2022-09-06 04:00:00+00:00,156.47,157.09,153.69,154.53,73679935,687134,155.011928,393.13,394.12,388.42,390.76,75551777,552658,391.263275,272.675,275.99,265.74,274.42,55838296,852459,272.124079
2022-09-07 04:00:00+00:00,154.825,156.67,153.61,155.96,87554883,696544,155.30464,390.43,398.59,390.2,397.78,70572980,486383,395.276386,273.1,283.84,272.27,283.7,50022019,716948,279.912686
2022-09-08 04:00:00+00:00,154.64,156.36,152.68,154.46,84907744,696902,154.394609,395.39,400.86,394.12,400.38,80177250,549029,398.315491,281.3,289.5,279.76,289.26,53649983,712036,286.100932
2022-09-09 04:00:00+00:00,155.47,157.82,154.75,157.37,68081006,532851,156.6625,402.74,407.51,402.46,406.6,76514124,483283,405.48584,291.67,299.85,291.245,299.68,54470854,781284,297.338013
2022-09-12 04:00:00+00:00,159.59,164.26,159.3,163.43,104955951,801510,162.47635,408.78,411.73,408.46,410.97,68747117,487301,410.159991,300.72,305.49,300.4,304.42,48674604,766855,303.612681
2022-09-13 04:00:00+00:00,159.9,160.54,153.37,153.84,122534825,1016901,156.155955,401.83,403.1,391.92,393.1,122318529,789029,398.857113,292.9,297.3999,290.4,292.13,68179919,984312,293.862959
2022-09-14 04:00:00+00:00,154.8,157.1,153.6106,155.31,87944110,715880,155.261313,394.47,396.2,391.12,394.6,84570857,538311,393.83994,292.24,306.0,291.64,302.61,72625541,951692,300.535495
2022-09-15 04:00:00+00:00,154.65,155.24,151.38,152.37,90353619,740014,153.00688,392.96,395.96,388.78,390.12,87043825,604103,392.011342,301.825,309.12,300.7247,303.75,64753908,854631,304.866658
2022-09-16 04:00:00+00:00,151.21,151.35,148.37,150.7,163574426,850046,150.227405,384.14,386.25,382.11,385.56,102473759,669360,384.602012,299.605,303.71,295.6005,303.35,87168238,757459,300.620806
2022-09-19 04:00:00+00:00,149.31,154.56,149.1,154.48,81474348,671956,152.55427,382.26,388.55,382.1784,388.55,72766494,492471,386.239339,300.09,309.84,297.8,309.07,60240729,842284,306.320687
2022-09-20 04:00:00+00:00,153.4,158.08,153.08,156.9,107735196,792171,156.132043,385.06,386.12,381.195,384.09,76685764,555454,384.152364,306.91,313.33,305.58,308.73,61689176,819819,309.30429
2022-09-21 04:00:00+00:00,157.34,158.74,153.6,153.72,101661132,784630,156.295816,386.11,389.31,377.38,377.39,104302139,807310,383.197346,308.29,313.8,300.63,300.8,62552372,836954,307.540263
2022-09-22 04:00:00+00:00,152.38,154.47,150.91,152.74,86641985,686764,152.570886,376.58,378.3,373.44,374.22,88922900,630401,375.330794,299.86,301.29,285.82,288.59,70549440,1085905,291.596195
2022-09-23 04:00:00+00:00,151.19,151.47,148.56,150.43,96029452,766882,150.022174,370.58,370.62,363.29,367.95,121574096,838774,367.579806,283.09,284.5,272.82,275.33,63794409,1057063,276.647598
2022-09-26 04:00:00+00:00,149.66,153.7701,149.64,150.77,93339409,747666,151.522153,366.41,370.21,363.0299,364.31,91731346,633024,365.928441,271.83,284.09,270.31,276.01,58306430,909217,278.24089
2022-09-27 04:00:00+00:00,152.74,154.72,149.945,151.76,84603216,683777,152.137422,368.02,370.4,360.87,363.38,105884493,771522,364.580711,283.84,288.67,277.51,282.94,61925200,857133,283.48081
2022-09-28 04:00:00+00:00,147.64,150.6414,144.84,149.84,146695099,1142413,147.596911,364.38,372.3,362.6,370.53,109578062,704940,367.937105,283.08,289.0,277.57,287.81,54686456,739799,283.420537
2022-09-29 04:00:00+00:00,146.1,146.72,140.68,142.48,128135940,1067280,142.900091,366.81,367.11,359.7,362.79,112068880,789244,362.805405,282.76,283.65,265.78,268.21,77629009,1125573,271.393935
2022-09-30 04:00:00+00:00,141.28,143.1,138.0,138.2,124811605,945924,140.38297,361.8,365.91,357.04,357.18,152567865,847859,360.660373,266.145,275.57,262.47,265.25,67737771,927532,269.013225
2022-10-03 04:00:00+00:00,138.21,143.07,137.685,142.45,114312162,838786,141.213469,361.08,368.55,359.21,366.61,89052594,617784,364.70296,254.5,255.16,241.01,242.4,98363642,1539826,245.357718
2022-10-04 04:00:00+00:00,145.03,146.22,144.26,146.1,87880164,687505,145.490979,372.4,378.0,366.5677,377.97,102736573,683092,375.71818,250.52,257.5,242.01,249.44,110028529,1313286,249.704849
2022-10-05 04:00:00+00:00,144.075,147.38,143.01,146.4,79670966,605863,145.25079,373.39,379.46,370.95,377.09,87641027,581349,375.45694,245.01,246.6697,233.27,240.81,87581871,1172525,238.492134
2022-10-06 04:00:00+00:00,145.81,147.54,145.22,145.43,68389421,538566,146.073827,375.62,378.72,372.68,373.2,81289636,577715,374.901554,239.44,244.58,235.35,238.13,69296298,827199,239.35566
2022-10-07 04:00:00+00:00,142.54,143.1,139.445,140.09,85924489,666459,140.793188,368.97,373.2933,360.94,362.79,107239188,665841,365.065822,233.935,234.5715,222.02,223.07,83954799,1245277,226.463569
2022-10-10 04:00:00+00:00,140.42,141.89,138.5729,140.42,74899002,620863,140.197775,363.96,364.21,357.67,360.02,75459157,593460,360.745547,223.93,226.99,218.3582,222.96,67931370,890244,223.447869
2022-10-11 04:00:00+00:00,139.9,141.35,138.22,138.98,77032933,608696,139.54011,358.2311,363.03,355.71,357.74,91448816,688092,358.717517,220.945,225.75,215.0,216.5,77001007,925823,220.691891
2022-10-12 04:00:00+00:00,139.13,140.36,138.16,138.34,70844359,552566,139.088191,358.17,359.8179,356.3,356.56,76538522,549606,358.000408,215.33,219.2999,211.51,217.24,66948450,808928,215.6113
2022-10-13 04:00:00+00:00,134.99,143.59,134.372,142.99,112837594,869842,139.772537,349.205,367.51,348.11,365.97,145171940,1098996,359.798331,208.3,222.99,206.22,221.72,91291509,1153807,215.393423
2022-10-14 04:00:00+00:00,144.31,144.52,138.19,138.38,88580276,689155,139.922461,368.55,370.26,356.96,357.63,122920585,818595,361.365272,224.01,226.26,204.16,204.99,94265996,1282798,211.621166
2022-10-17 04:00:00+00:00,141.065,142.9,140.27,142.41,85251672,634584,141.952859,364.01,367.9799,357.2808,366.82,92765345,609955,365.954505,210.04,221.86,209.45,219.35,79428814,954631,217.475837
2022-10-18 04:00:00+00:00,145.49,146.7,140.61,143.75,99142686,785417,144.0619,375.13,375.45,367.52,371.13,96898206,675916,371.126991,229.5,229.82,217.25,220.19,75893644,841838,221.60861
2022-10-19 04:00:00+00:00,141.69,144.9492,141.5,143.86,61758889,511349,143.444075,368.99,371.85,365.55,368.5,79481512,531675,368.665769,219.8,222.93,217.78,222.04,67721429,864644,219.800605
2022-10-20 04:00:00+00:00,143.02,145.89,142.65,143.39,64521989,517760,144.207239,368.03,372.67,364.61,365.41,87963935,634944,367.710482,208.28,215.55,202.0,207.28,117818014,1546087,208.575912
2022-10-21 04:00:00+00:00,142.87,147.8479,142.649,147.27,86549149,621572,145.519084,365.12,374.8,363.54,374.29,130542269,718723,369.862865,206.415,214.66,203.8,214.44,75913254,903061,210.289192
2022-10-24 04:00:00+00:00,147.185,150.23,146.0,149.45,75968735,652872,148.374492,375.89,380.06,373.11,378.87,85131661,624488,377.367392,205.82,213.5,198.5863,211.25,100819020,1305129,205.638853
2022-10-25 04:00:00+00:00,150.09,152.49,149.36,152.34,74782289,581422,151.435017,378.79,385.25,378.671,384.92,78656471,598158,382.99185,210.1,224.3498,210.0,222.415,96507697,1050829,219.992889
2022-10-26 04:00:00+00:00,150.96,151.99,148.04,149.35,88834489,693414,150.040815,381.62,387.58,381.35,382.02,103779972,657066,383.877161,219.4,230.6,218.2,224.64,85275380,921830,226.572058
2022-10-27 04:00:00+00:00,148.07,149.046,144.13,144.8,109198287,944054,145.31176,383.07,385.0,379.33,379.98,81650038,599316,381.33949,229.77,233.81,222.85,225.09,61644674,740945,226.138713
2022-10-28 04:00:00+00:00,148.2,157.5,147.82,155.74,164513407,1226015,154.587167,379.87,389.52,379.68,389.02,100160252,597379,385.648651,225.4,228.86,216.35,228.52,69040080,793069,224.185539
2022-10-31 04:00:00+00:00,153.155,154.24,151.92,153.34,97925458,726580,153.279315,386.44,388.4,385.26,386.21,94154112,590831,386.87683,226.195,229.85,221.94,227.54,61560070,717792,226.621743
2022-11-01 04:00:00+00:00,155.08,155.45,149.13,150.65,80379345,650595,150.980742,390.14,390.39,383.29,384.52,83777606,541297,385.596075,234.05,237.3951,227.28,227.82,62689105,701489,230.789246
2022-11-02 04:00:00+00:00,148.945,152.17,145.0,145.03,92496880,777052,148.197608,383.9,388.62,374.76,374.87,123496452,864897,381.528192,226.04,227.8699,214.82,214.98,62280057,792864,222.001618
2022-11-03 04:00:00+00:00,142.06,142.8,138.75,138.88,97919272,871801,140.11452,371.465,374.2,368.79,371.01,85657400,641406,372.172239,211.36,221.2,210.14,215.31,56564458,644110,216.337973
2022-11-04 04:00:00+00:00,142.09,142.67,134.38,138.38,141120882,1161509,137.350038,377.0,378.87,370.0,376.35,103253613,703500,374.233909,222.6,223.8,203.08,207.47,98610606,1202534,211.126543
2022-11-07 05:00:00+00:00,137.11,139.145,135.671,138.92,83385027,715006,137.466882,377.71,380.57,375.53,379.95,68127819,478350,378.30676,208.65,208.9,196.66,197.08,93916520,1347595,200.052666
2022-11-08 05:00:00+00:00,140.41,141.43,137.49,139.5,89888299,637129,139.570077,381.11,385.12,377.72,382.0,84098301,598556,381.930966,194.02,195.2,186.75,191.3,128793328,1540263,191.418801
2022-11-09 05:00:00+00:00,138.5,138.55,134.5933,134.87,74918639,633362,135.989576,379.93,381.14,373.61,374.13,77996412,589795,377.164224,190.775,195.89,177.12,177.59,127091096,1577358,184.532292
2022-11-10 05:00:00+00:00,141.24,146.87,139.5,146.87,118840819,874900,144.132248,388.05,395.04,385.642,394.69,140583569,958964,389.407249,189.9,191.0,180.03,190.72,132688259,1406900,187.607522
2022-11-11 05:00:00+00:00,145.82,150.01,144.37,149.7,93993056,742242,148.193332,395.59,399.35,393.61,398.51,93424999,650078,396.974145,186.0,196.52,182.59,195.97,114428299,1168921,191.469459
2022-11-14 05:00:00+00:00,148.97,150.28,147.43,148.28,73372771,576279,148.723597,396.66,400.1799,394.83,395.12,71676295,526259,397.620023,192.77,195.73,186.34,190.95,92244352,953180,191.872233
2022-11-15 05:00:00+00:00,152.215,153.59,148.5613,150.04,89767604,702845,151.2372,401.15,402.31,394.49,398.49,92409003,743707,398.79319,195.88,200.8237,192.06,194.42,91429138,983835,196.661098
2022-11-16 05:00:00+00:00,149.13,149.87,147.29,148.79,64218266,472247,148.659645,396.78,397.78,394.79,395.45,67912256,480807,396.093557,191.51,192.57,185.66,186.92,66573580,812208,188.349066
2022-11-17 05:00:00+00:00,146.43,151.48,146.15,150.72,80440397,563714,149.708542,390.46,394.95,390.14,394.24,74165955,496852,392.809764,183.96,186.16,180.9,183.17,64335970,772735,183.559821
2022-11-18 05:00:00+00:00,152.305,152.7,149.97,151.29,74829573,514103,151.194437,397.74,397.81,393.04,396.03,92449201,522023,395.406321,185.05,185.19,176.55,180.19,76047596,944030,179.159575
2022-11-21 05:00:00+00:00,150.16,150.37,147.715,148.01,58724070,504777,148.481669,394.64,395.82,392.68,394.59,51075316,400011,394.535378,175.85,176.77,167.54,167.87,92895193,1250525,170.881764
2022-11-22 05:00:00+00:00,148.13,150.42,146.925,150.18,51804132,405185,149.195665,396.63,400.07,395.1527,399.9,60208967,414881,398.2373,168.63,170.92,166.185,169.91,78482076,863696,168.913691
2022-11-23 05:00:00+00:00,149.45,151.83,149.34,151.07,58318894,444424,150.787296,399.55,402.93,399.31,402.42,67901797,473556,401.583216,173.57,183.62,172.5,183.2,109536581,1195367,179.495164
2022-11-25 05:00:00+00:00,148.305,148.88,147.12,148.11,35195860,319570,148.166814,401.83,402.91,401.535,402.33,30529502,184520,402.272986,185.06,185.2,180.63,182.86,50672739,584237,182.931705
2022-11-28 05:00:00+00:00,145.14,146.64,143.38,144.22,69346522,614357,144.782015,399.09,400.81,395.11,395.91,67918195,440632,397.879853,179.96,188.5,179.0,182.92,93038302,975429,184.795905
2022-11-29 05:00:00+00:00,144.29,144.81,140.355,141.17,83790799,713282,142.050897,396.05,397.3,393.3,395.23,52230414,420557,395.17542,184.99,186.38,178.75,180.83,83766341,883443,182.489217
2022-11-30 05:00:00+00:00,141.395,148.72,140.55,148.03,111885406,706282,145.153909,395.49,407.68,393.48,407.68,140947055,807373,401.667386,182.43,194.76,180.6301,194.7,109105440,982454,187.497984
2022-12-01 05:00:00+00:00,148.21,149.13,146.61,148.31,71250381,525985,148.105003,408.77,410.0,404.75,407.38,76270288,599125,407.368696,197.08,198.92,191.8,194.7,80104611,855150,195.127022
2022-12-02 05:00:00+00:00,145.96,148.0,145.65,147.81,65537445,464551,146.85862,402.25,407.86,402.14,406.91,85175880,572985,405.102714,191.78,196.25,191.11,194.86,73645922,833601,193.446005
2022-12-05 05:00:00+00:00,147.77,150.9199,145.77,146.63,68826442,586791,147.638418,403.95,404.93,398.17,399.59,77194567,552420,401.472426,189.44,191.27,180.55,182.45,93125754,1142292,184.658016
2022-12-06 05:00:00+00:00,147.075,147.3,141.92,142.91,64727240,537304,143.790242,399.42,399.99,391.64,393.83,77893729,613342,394.835364,181.215,183.65,175.33,179.82,92164692,958141,178.534057
2022-12-07 05:00:00+00:00,142.19,143.37,140.0,140.94,69705738,565202,141.160137,392.94,395.64,391.97,393.16,65695997,484093,393.437536,175.03,179.38,172.218,174.04,84193502,967702,174.175255
2022-12-08 05:00:00+00:00,142.36,143.52,141.1,142.65,62128338,456121,142.515322,395.14,397.36,393.2684,396.24,60665241,463070,395.706175,172.2,175.2,169.06,173.44,97724061,990874,172.288443
2022-12-09 05:00:00+00:00,142.34,145.57,140.9,142.16,76109466,530234,143.220726,394.94,397.62,393.15,393.28,81417048,485155,395.186953,173.84,182.5,173.36,179.05,104872336,1092808,179.49603
2022-12-12 05:00:00+00:00,142.7,144.5,141.06,144.49,70462654,492710,143.006261,394.11,398.95,393.412,398.95,75317792,441574,396.178054,176.1,177.37,167.52,167.82,109794520,1292531,170.425116
2022-12-13 05:00:00+00:00,149.5,149.9692,144.24,145.47,94179520,704324,146.601647,410.22,410.49,399.07,401.97,123026229,887537,403.567729,174.87,175.05,156.91,160.95,175683356,2028317,163.800417
2022-12-14 05:00:00+00:00,145.35,146.655,141.16,143.21,81781989,590942,144.254407,401.61,405.5,396.31,399.4,105972841,832838,401.14191,159.25,161.62,155.31,156.8,140179912,1518234,158.137227
2022-12-15 05:00:00+00:00,141.11,141.8,136.025,136.5,99500030,879348,137.645266,394.3,395.25,387.885,389.63,114610214,848171,390.92506,153.44,160.9299,153.28,157.67,122381629,1220438,157.587164
2022-12-16 05:00:00+00:00,136.685,137.65,133.73,134.51,160026698,819250,134.946521,385.18,386.575,381.04,383.27,119265226,743779,383.743817,159.635,160.99,150.04,150.23,138901447,1252297,152.100224
2022-12-19 05:00:00+00:00,135.11,135.2,131.32,132.37,79592614,705820,132.466679,383.47,383.82,378.28,380.02,79845479,520951,380.603155,154.0,155.25,145.82,149.87,139382938,1358242,150.549854
2022-12-20 05:00:00+00:00,131.39,133.25,129.89,132.3,77435044,640695,131.848903,379.23,382.23,377.85,380.54,74331859,512965,380.629914,146.05,148.47,137.66,137.8,159630467,1664086,142.69224
2022-12-21 05:00:00+00:00,132.98,136.81,132.75,135.45,85928092,588684,135.315015,383.25,387.41,382.69,386.23,78096644,477677,385.47042,139.335,141.26,135.89,137.57,145485531,1332561,138.716039
2022-12-22 05:00:00+00:00,134.352,134.56,130.3,132.23,77858360,643296,131.898289,383.05,386.2134,374.77,380.72,100004622,678687,379.622766,136.0,136.63,122.26,125.35,210195752,2021112,127.751715
2022-12-23 05:00:00+00:00,130.92,132.415,129.64,131.86,63826892,541275,131.152093,379.65,383.06,378.03,382.91,58757557,441157,381.501493,126.37,128.6173,121.02,123.15,167075232,1560091,123.918784
2022-12-27 05:00:00+00:00,131.38,131.41,128.72,130.03,69007830,608331,129.952171,382.79,383.15,379.65,381.4,51494435,427772,381.77669,117.495,119.67,108.76,109.1,208643493,2057258,113.445314
2022-12-28 05:00:00+00:00,129.67,131.0275,125.87,126.04,85440007,762246,127.591763,381.33,383.39,376.42,376.66,70660057,500857,379.062108,110.35,116.27,108.24,112.71,221244165,2046314,111.945593
2022-12-29 05:00:00+00:00,127.99,130.4814,127.73,129.61,75818001,598206,129.489724,379.63,384.35,379.08,383.44,64517045,480519,382.399055,120.385,123.57,117.495,121.82,221925423,1902589,120.553895
2022-12-30 05:00:00+00:00,128.41,129.95,127.43,129.93,77779765,592064,128.804124,380.64,382.58,378.43,382.43,83474793,544591,381.220108,119.95,124.48,119.75,123.18,157730398,1506289,122.133764
2023-01-03 05:00:00+00:00,130.28,130.9,124.17,125.07,112084324,1020782,125.725146,384.37,386.43,377.831,380.82,74330774,585048,380.96115,118.47,118.8,104.64,108.1,231380437,2539823,109.507947
2023-01-04 05:00:00+00:00,126.89,128.6557,125.08,126.36,89072202,769281,126.646333,383.18,385.88,380.0,383.76,85425119,628498,383.151245,109.11,114.59,107.52,113.64,180362168,1651730,111.7985
2023-01-05 05:00:00+00:00,127.13,127.74,124.76,125.02,81246605,663745,126.088261,381.72,381.76,378.76,379.38,76079710,523811,380.264217,110.51,111.75,107.1601,110.34,157825186,1334959,109.654634
2023-01-06 05:00:00+00:00,126.01,130.29,124.89,129.62,87758343,711520,128.198067,382.61,389.25,379.4127,388.08,103741286,683816,385.248218,103.0,114.39,101.81,113.06,220931001,2015330,109.025919
2023-01-09 05:00:00+00:00,130.465,133.41,129.89,130.15,70832518,647372,131.628178,390.37,393.7,387.67,387.86,73999806,550008,390.361862,118.96,123.52,117.11,119.77,190534048,1746068,121.034846
2023-01-10 05:00:00+00:00,130.26,131.2636,128.12,130.73,63924884,555791,129.822614,387.25,390.65,386.27,390.58,65367664,472370,389.08215,121.07,122.76,114.92,118.85,167827711,1405221,117.840067
2023-01-11 05:00:00+00:00,131.25,133.51,130.46,133.49,69546367,562444,132.308564,392.23,395.6,391.38,395.52,68906217,453257,393.30085,122.09,125.95,120.51,123.22,183956114,1513411,122.678008
2023-01-12 05:00:00+00:00,133.88,134.26,131.44,133.41,71379796,635331,133.171001,396.67,398.485,392.42,396.96,90153435,664983,396.31222,122.56,124.1311,117.0,123.56,169400992,1432274,121.037246
2023-01-13 05:00:00+00:00,132.03,134.92,131.66,134.76,57769049,536939,133.677962,393.62,399.1,393.34,398.5,63634516,465835,396.84019,116.55,122.63,115.6,122.4,180633086,1429419,119.475409
2023-01-17 05:00:00+00:00,134.83,137.29,134.13,135.94,63758760,596823,135.758775,398.48,400.23,397.06,397.77,62485876,436151,398.195099,125.695,131.7,125.02,131.49,186693607,1498969,129.360869
2023-01-18 05:00:00+00:00,136.815,138.61,135.03,135.21,69735052,579244,136.330575,399.01,400.12,391.28,391.49,99651010,643581,394.553482,136.555,136.68,127.01,128.78,196169620,1546052,130.762524
2023-01-19 05:00:00+00:00,134.08,136.25,133.77,135.27,58358070,492461,134.965652,389.36,391.08,387.26,388.64,87066127,549053,389.264685,127.26,129.99,124.3082,127.17,170495533,1159299,127.199584
2023-01-20 05:00:00+00:00,135.28,138.02,134.22,137.87,80246596,552231,136.37534,390.1,396.04,388.38,395.88,91806356,505915,392.598891,128.68,133.51,127.3466,133.42,138858136,991848,131.03535
2023-01-23 05:00:00+00:00,138.12,143.315,137.9,141.11,81782578,720202,141.211585,396.72,402.645,395.72,400.63,84187957,568843,399.770552,135.87,145.3793,134.27,143.75,204387316,1483335,141.163733
2023-01-24 05:00:00+00:00,140.305,143.16,140.3,142.53,66537342,500098,142.05092,398.88,401.15,397.64,400.2,59549719,434698,399.936054,143.0,146.5,141.1,143.89,159371763,1183461,143.497852
2023-01-25 05:00:00+00:00,140.89,142.43,138.81,141.86,65853903,537643,140.753668,395.95,400.7,393.56,400.35,84826825,583807,397.858257,141.905,146.41,138.07,144.43,195490688,1609374,143.421112
2023-01-26 05:00:00+00:00,143.17,144.25,141.9,143.96,54133367,473064,143.342998,403.13,404.92,400.03,404.75,72307597,521730,402.612043,159.965,161.42,154.76,160.27,235203487,2050894,157.809658
2023-01-27 05:00:00+00:00,143.155,147.23,143.08,145.93,70563928,560024,145.836598,403.655,408.16,403.44,405.68,68346180,496480,405.790293,162.43,180.68,161.17,177.9,306639843,2631367,172.966448
2023-01-30 05:00:00+00:00,144.955,145.55,142.85,143.0,64035195,551982,143.652231,402.8,405.13,400.28,400.59,74219199,515001,402.226146,178.05,179.77,166.5,166.66,231234830,2015822,172.26974
2023-01-31 05:00:00+00:00,142.7,144.34,142.28,144.29,65901236,469056,143.647315,401.13,406.53,400.77,406.48,86836885,513130,404.159126,164.57,174.3,162.78,173.22,197050625,1499772,170.789534
2023-02-01 05:00:00+00:00,143.97,146.61,141.32,145.43,77771182,695936,143.875311,405.211,413.67,402.35,410.8,101480517,833884,407.864239,173.89,183.805,169.93,181.41,214288327,1605548,175.855228
2023-02-02 05:00:00+00:00,148.9,151.18,148.17,150.82,118934268,1001832,149.365729,414.86,418.31,412.88,416.78,101669441,725256,415.525046,187.325,196.7501,182.61,188.27,217848204,1954535,190.511823
2023-02-03 05:00:00+00:00,148.03,157.38,147.83,154.5,154375619,1141351,154.244313,411.59,416.97,411.09,412.35,94736781,665742,413.767228,183.95,199.0,183.69,189.98,232728956,1969271,193.384916
2023-02-06 05:00:00+00:00,152.575,153.1,150.78,151.73,69971158,584464,152.095141,409.79,411.29,408.1,409.83,60311136,462046,409.992157,193.01,198.17,189.92,194.76,186443257,1595403,194.554292
2023-02-07 05:00:00+00:00,150.64,155.23,150.64,154.65,83369832,662993,153.420645,408.87,416.49,407.57,415.19,91002120,695977,411.997087,196.43,197.5,189.55,196.81,186229808,1550539,194.124949
2023-02-08 05:00:00+00:00,153.88,154.58,151.168,151.92,64635585,524915,152.407833,413.13,414.53,409.93,410.65,76239095,529629,411.925098,196.1,203.0,194.31,201.29,180958680,1579410,200.281601
2023-02-09 05:00:00+00:00,153.775,154.33,150.42,150.87,56050506,472901,152.276061,414.41,414.57,405.81,407.09,78709874,567083,409.794927,207.775,214.0,204.77,207.32,215976715,2126997,209.915852
2023-02-10 05:00:00+00:00,149.46,151.3401,149.22,151.01,57616163,443407,150.404179,405.86,408.44,405.01,408.04,70769715,489779,407.008915,202.225,206.2,192.89,196.89,204862297,1957749,198.120471
2023-02-13 05:00:00+00:00,150.952,154.26,150.92,153.85,62241849,507442,153.231292,408.72,412.97,408.24,412.83,64923047,427006,411.387098,194.415,196.3,187.61,194.64,172621659,1524609,193.301514
2023-02-14 05:00:00+00:00,152.12,153.77,150.86,153.2,61776837,529443,152.596091,411.24,415.05,408.511,412.64,88412194,628223,412.117226,191.94,209.82,189.44,209.25,217001311,1826246,201.836485
2023-02-15 05:00:00+00:00,153.11,155.5,152.88,155.33,65704101,521645,154.454035,410.35,414.06,409.47,413.98,61704828,428008,412.265318,211.755,214.66,206.11,214.24,182581331,1672692,211.616307
2023-02-16 05:00:00+00:00,153.51,156.33,153.3475,153.71,68198046,517226,154.713491,408.79,412.91,408.14,408.28,76448189,584066,410.320258,210.78,217.65,201.84,202.04,230915834,2123665,211.28706
2023-02-17 05:00:00+00:00,152.35,153.0,150.85,152.55,59182712,468581,152.045308,406.06,407.51,404.05,407.26,89259121,562618,406.132976,199.985,208.44,197.5,208.31,213738549,1836022,202.964408
2023-02-21 05:00:00+00:00,150.2,151.3,148.405,148.48,58914102,510373,149.354555,403.06,404.16,398.82,399.09,82677599,559698,401.142013,204.99,209.71,197.22,197.37,180344131,1818482,202.402231
2023-02-22 05:00:00+00:00,148.87,149.95,147.16,148.91,51014584,429776,148.549352,399.52,401.13,397.02,398.54,83742293,568097,398.909602,197.93,201.99,191.78,200.86,191926222,1620642,197.461913
2023-02-23 05:00:00+00:00,150.09,150.34,147.24,149.4,48394407,425166,148.840804,401.56,402.2,396.25,400.66,95690251,736211,399.621557,203.91,205.14,196.33,202.07,146363697,1294334,200.639331
